{
	"settings": {
		"appearanceTools": true,
		"color": {
			"defaultDuotone": false,
			"defaultGradients": false,
			"defaultPalette": false,
			"palette": [
				{
					"color": "#ffffff",
					"name": "Background",
					"slug": "background"
				},
				{
					"color": "#000000",
					"name": "Primary",
					"slug": "primary"
				},
				{
					"color": "#000000",
					"name": "Borders",
					"slug": "borders"
				}
			]
		},
		"layout": {
			"contentSize": "810px",
			"wideSize": "1440px"
		},
		"spacing": {
			"units": [
				"%",
				"px",
				"rem"
			]
		},
		"typography": {
			"defaultFontSizes": false,
			"fluid": true,
			"fontFamilies": [
				{
					"fontFace": [
						{
							"fontFamily": "Unbounded",
							"fontStyle": "normal",
							"fontWeight": "500",
							"src": [
								"file:./assets/fonts/unbounded/unbounded-500-normal.woff2"
							]
						}
					],
					"fontFamily": "Unbounded, sans-serif",
					"name": "Unbounded",
					"slug": "unbounded"
				},
				{
					"fontFace": [
						{
							"fontFamily": "Inter",
							"fontStyle": "normal",
							"fontWeight": "400",
							"src": [
								"file:./assets/fonts/inter/inter-400-normal.woff2"
							]
						},
						{
							"fontFamily": "Inter",
							"fontStyle": "normal",
							"fontWeight": "700",
							"src": [
								"file:./assets/fonts/inter/inter-700-normal.woff2"
							]
						},
						{
							"fontFamily": "Inter",
							"fontStyle": "italic",
							"fontWeight": "400",
							"src": [
								"file:./assets/fonts/inter/inter-400-italic.woff2"
							]
						},
						{
							"fontFamily": "Inter",
							"fontStyle": "italic",
							"fontWeight": "700",
							"src": [
								"file:./assets/fonts/inter/inter-700-italic.woff2"
							]
						}
					],
					"fontFamily": "Inter, sans-serif",
					"name": "Inter",
					"slug": "inter"
				}
			],
			"fontSizes": [
				{
					"fluid": false,
					"name": "Small",
					"size": "0.875rem",
					"slug": "small"
				},
				{
					"fluid": {
						"max": "1.125rem",
						"min": "1rem"
					},
					"name": "Medium",
					"size": "1rem",
					"slug": "medium"
				},
				{
					"fluid": {
						"max": "1.375rem",
						"min": "1.125rem"
					},
					"name": "Large",
					"size": "1.38rem",
					"slug": "large"
				},
				{
					"fluid": {
						"max": "2rem",
						"min": "1.75rem"
					},
					"name": "Extra Large",
					"size": "1.75rem",
					"slug": "x-large"
				},
				{
					"fluid": {
						"max": "3rem",
						"min": "2.15rem"
					},
					"name": "Extra Extra Large",
					"size": "2.15rem",
					"slug": "xx-large"
				}
			],
			"writingMode": true
		},
		"useRootPaddingAwareAlignments": true
	},
	"styles": {
		"elements": {
			"button": {
				"color": {
					"background": "var(--wp--preset--color--background)",
					"text": "var(--wp--preset--color--primary)"
				},
				"typography": {
					"fontFamily": "var(--wp--preset--font-family--unbounded)"
				}
			},
			"h1": {
				"typography": {
					"fontSize": "var(--wp--preset--font-size--xx-large)"
				}
			},
			"h2": {
				"typography": {
					"fontSize": "var(--wp--preset--font-size--x-large)"
				}
			},
			"h3": {
				"typography": {
					"fontSize": "var(--wp--preset--font-size--large)"
				}
			},
			"h4": {
				"typography": {
					"fontSize": "var(--wp--preset--font-size--medium)"
				}
			},
			"h5": {
				"typography": {
					"fontSize": "var(--wp--preset--font-size--small)"
				}
			},
			"h6": {
				"typography": {
					"fontSize": "var(--wp--preset--font-size--small)"
				}
			},
			"heading": {
				"typography": {
					"fontFamily": "var(--wp--preset--font-family--unbounded)"
				}
			},
			"link": {
				"color": {
					"text": "var(--wp--preset--color--primary)"
				}
			}
		},
		"spacing": {
			"blockGap": "1rem",
			"padding": {
				"bottom": "var(--wp--preset--spacing--40)",
				"left": "1rem",
				"right": "1rem",
				"top": "var(--wp--preset--spacing--40)"
			}
		},
		"typography": {
			"fontFamily": "var(--wp--preset--font-family--inter)",
			"fontSize": "var(--wp--preset--font-size--medium)"
		}
	},
	"templateParts": [
		{
			"area": "header",
			"name": "header"
		},
		{
			"area": "footer",
			"name": "footer"
		}
	],
	"version": 3,
	"$schema": "https://schemas.wp.org/wp/6.8/theme.json"
}